session_id,timestamp_iso,gap_seconds,prev_execution,execution_id,prev_app,active_app,prev_window,window_title,event_type,app_change,window_change
ses_20260630-121953-LAPTOP-R36BQBTE,2026-06-30T12:21:41.508Z,0.472,M1-H-1,M1-C-1,Google Chrome,Google Chrome,財務会計システム - Google Chrome,財務会計システム - Google Chrome,app_switch,False,False
ses_20260630-121953-LAPTOP-R36BQBTE,2026-06-30T12:22:29.004Z,6.59,M1-C-1,M1-B-1,Google Chrome,Google Chrome,HR人事給与システム - Google Chrome,HR人事給与システム - Google Chrome,mouse_click,False,False
ses_20260630-121953-LAPTOP-R36BQBTE,2026-06-30T12:23:25.385Z,44.137,M1-B-1,M1-A-1,Google Chrome,Google Chrome,HR人事給与システム - Google Chrome,HR人事給与システム - Google Chrome,mouse_click,False,False
ses_20260630-121953-LAPTOP-R36BQBTE,2026-06-30T12:23:46.174Z,0.467,M1-A-1,M1-M-1,Google Chrome,Google Chrome,HR人事給与システム - Google Chrome,HR人事給与システム - Google Chrome,app_switch,False,False
ses_20260630-121953-LAPTOP-R36BQBTE,2026-06-30T12:24:21.234Z,0.619,M1-M-1,M1-C-2,Google Chrome,Google Chrome,受発注在庫管理システム - Google Chrome,受発注在庫管理システム - Google Chrome,app_switch,False,False
ses_20260630-121953-LAPTOP-R36BQBTE,2026-06-30T12:24:57.272Z,6.625,M1-C-2,M1-B-2,Google Chrome,Google Chrome,HR人事給与システム - Google Chrome,HR人事給与システム - Google Chrome,mouse_click,False,False
ses_20260630-121953-LAPTOP-R36BQBTE,2026-06-30T12:26:32.659Z,0.507,M1-H-2,M1-A-2,Google Chrome,Google Chrome,財務会計システム - Google Chrome,財務会計システム - Google Chrome,app_switch,False,False
ses_20260630-121953-LAPTOP-R36BQBTE,2026-06-30T12:26:55.669Z,0.546,M1-A-2,M1-M-2,Google Chrome,Google Chrome,HR人事給与システム - Google Chrome,HR人事給与システム - Google Chrome,app_switch,False,False
ses_20260630-121953-LAPTOP-R36BQBTE,2026-06-30T12:28:49.210Z,5.44,M1-H-4,M1-J-1,Google Chrome,Google Chrome,財務会計システム - Google Chrome,財務会計システム - Google Chrome,mouse_click,False,False
ses_20260630-121953-LAPTOP-R36BQBTE,2026-06-30T12:29:48.908Z,0.42,M1-G-2,M1-A-3,Google Chrome,Google Chrome,財務会計システム - Google Chrome,財務会計システム - Google Chrome,app_switch,False,False
ses_20260630-121953-LAPTOP-R36BQBTE,2026-06-30T12:30:20.229Z,6.709,M1-A-3,M1-C-3,Google Chrome,Google Chrome,HR人事給与システム - Google Chrome,HR人事給与システム - Google Chrome,mouse_click,False,False
ses_20260630-121953-LAPTOP-R36BQBTE,2026-06-30T12:31:03.248Z,5.61,M1-C-3,M1-B-3,Google Chrome,Google Chrome,HR人事給与システム - Google Chrome,HR人事給与システム - Google Chrome,mouse_click,False,False
ses_20260630-121953-LAPTOP-R36BQBTE,2026-06-30T12:32:09.830Z,44.448,M1-B-3,M1-A-4,,Google Chrome,,HR人事給与システム - Google Chrome,mouse_click,False,False
ses_20260630-121953-LAPTOP-R36BQBTE,2026-06-30T12:32:50.620Z,11.916,M1-A-4,M1-E-1,Google Chrome,Google Chrome,ProcMine SSO — シングルサインオン - Google Chrome,HR人事給与システム - Google Chrome,mouse_click,False,True
ses_20260630-121953-LAPTOP-R36BQBTE,2026-06-30T12:34:28.912Z,0.497,M1-M-4,M1-G-3,Google Chrome,Google Chrome,受発注在庫管理システム - Google Chrome,受発注在庫管理システム - Google Chrome,app_switch,False,False
ses_20260630-121953-LAPTOP-R36BQBTE,2026-06-30T12:34:57.107Z,6.385,M1-G-3,M1-J-2,Google Chrome,Google Chrome,財務会計システム - Google Chrome,財務会計システム - Google Chrome,mouse_click,False,False
ses_20260630-121953-LAPTOP-R36BQBTE,2026-06-30T12:35:20.436Z,6.228,M1-J-2,M1-G-4,Google Chrome,Google Chrome,財務会計システム - Google Chrome,財務会計システム - Google Chrome,mouse_click,False,False
ses_20260630-121953-LAPTOP-R36BQBTE,2026-06-30T12:36:03.971Z,5.528,M1-G-4,M1-J-3,Google Chrome,Google Chrome,財務会計システム - Google Chrome,財務会計システム - Google Chrome,mouse_click,False,False
ses_20260630-121953-LAPTOP-R36BQBTE,2026-06-30T12:36:29.109Z,0.458,M1-J-3,M1-O-1,Google Chrome,Google Chrome,財務会計システム - Google Chrome,財務会計システム - Google Chrome,app_switch,False,False
ses_20260630-121953-LAPTOP-R36BQBTE,2026-06-30T12:37:00.365Z,0.414,M1-O-1,M1-E-2,Google Chrome,Google Chrome,受発注在庫管理システム - Google Chrome,受発注在庫管理システム - Google Chrome,app_switch,False,False
ses_20260630-121953-LAPTOP-R36BQBTE,2026-06-30T12:37:32.379Z,5.972,M1-E-2,M1-C-4,Google Chrome,Google Chrome,HR人事給与システム - Google Chrome,HR人事給与システム - Google Chrome,mouse_click,False,False
ses_20260630-121953-LAPTOP-R36BQBTE,2026-06-30T12:38:13.357Z,5.993,M1-C-4,M1-E-3,Google Chrome,Google Chrome,HR人事給与システム - Google Chrome,HR人事給与システム - Google Chrome,mouse_click,False,False
ses_20260630-124826-CHAITANYA0BCF,2026-06-30T12:50:00.360Z,4.244,M1-M-1,M1-K-1,Google Chrome,Google Chrome,受発注在庫管理システム - Google Chrome,受発注在庫管理システム - Google Chrome,browser_navigation,False,False
ses_20260630-124826-CHAITANYA0BCF,2026-06-30T12:51:00.935Z,0.387,M1-K-1,M1-F-1,Google Chrome,Google Chrome,受発注在庫管理システム - Google Chrome,受発注在庫管理システム - Google Chrome,app_switch,False,False
ses_20260630-124826-CHAITANYA0BCF,2026-06-30T12:51:26.410Z,0.522,M1-F-1,M1-N-1,Google Chrome,Google Chrome,財務会計システム - Google Chrome,財務会計システム - Google Chrome,app_switch,False,False
ses_20260630-124826-CHAITANYA0BCF,2026-06-30T12:52:08.686Z,3.043,M1-N-1,M1-K-2,Google Chrome,Google Chrome,受発注在庫管理システム - Google Chrome,受発注在庫管理システム - Google Chrome,browser_navigation,False,False
ses_20260630-124826-CHAITANYA0BCF,2026-06-30T12:54:46.956Z,0.485,M1-G-3,M1-L-2,Google Chrome,Google Chrome,財務会計システム - Google Chrome,財務会計システム - Google Chrome,app_switch,False,False
ses_20260630-124826-CHAITANYA0BCF,2026-06-30T12:55:12.684Z,0.515,M1-L-2,M1-I-1,Google Chrome,Google Chrome,受発注在庫管理システム - Google Chrome,受発注在庫管理システム - Google Chrome,app_switch,False,False
ses_20260630-124826-CHAITANYA0BCF,2026-06-30T12:56:38.153Z,0.532,M1-I-1,M1-A-1,Google Chrome,Google Chrome,財務会計システム - Google Chrome,財務会計システム - Google Chrome,app_switch,False,False
ses_20260630-124826-CHAITANYA0BCF,2026-06-30T12:57:06.426Z,0.526,M1-A-1,M1-F-2,Google Chrome,Google Chrome,HR人事給与システム - Google Chrome,HR人事給与システム - Google Chrome,app_switch,False,False
ses_20260630-124826-CHAITANYA0BCF,2026-06-30T12:57:36.670Z,0.449,M1-F-2,M1-A-2,Google Chrome,Google Chrome,財務会計システム - Google Chrome,財務会計システム - Google Chrome,app_switch,False,False
ses_20260630-124826-CHAITANYA0BCF,2026-06-30T12:58:06.097Z,0.509,M1-A-2,M1-L-3,Google Chrome,Google Chrome,HR人事給与システム - Google Chrome,HR人事給与システム - Google Chrome,app_switch,False,False
ses_20260630-124826-CHAITANYA0BCF,2026-06-30T12:58:29.734Z,3.137,M1-L-3,M1-I-2,Google Chrome,Google Chrome,受発注在庫管理システム - Google Chrome,受発注在庫管理システム - Google Chrome,app_switch,False,False
ses_20260630-124826-CHAITANYA0BCF,2026-06-30T12:59:29.713Z,0.454,M1-I-2,M1-N-2,Google Chrome,Google Chrome,財務会計システム - Google Chrome,財務会計システム - Google Chrome,app_switch,False,False
ses_20260630-124826-CHAITANYA0BCF,2026-06-30T13:00:03.626Z,3.43,M1-N-2,M1-M-2,Google Chrome,Google Chrome,受発注在庫管理システム - Google Chrome,受発注在庫管理システム - Google Chrome,browser_navigation,False,False
ses_20260630-124826-CHAITANYA0BCF,2026-06-30T13:00:35.843Z,0.392,M1-M-2,M1-F-3,Google Chrome,Google Chrome,受発注在庫管理システム - Google Chrome,受発注在庫管理システム - Google Chrome,app_switch,False,False
ses_20260630-124826-CHAITANYA0BCF,2026-06-30T13:01:02.178Z,0.537,M1-F-3,M1-A-3,Google Chrome,Google Chrome,財務会計システム - Google Chrome,財務会計システム - Google Chrome,app_switch,False,False
ses_20260630-124826-CHAITANYA0BCF,2026-06-30T13:01:27.952Z,0.545,M1-A-3,M1-I-3,Google Chrome,Google Chrome,HR人事給与システム - Google Chrome,HR人事給与システム - Google Chrome,app_switch,False,False
ses_20260630-124826-CHAITANYA0BCF,2026-06-30T13:02:42.513Z,3.439,M1-I-3,M1-K-3,Google Chrome,Google Chrome,財務会計システム - Google Chrome,財務会計システム - Google Chrome,app_switch,False,False
ses_20260630-124826-CHAITANYA0BCF,2026-06-30T13:04:02.613Z,1.962,M1-K-3,M1-A-4,Google Chrome,Google Chrome,受発注在庫管理システム - Google Chrome,受発注在庫管理システム - Google Chrome,app_switch,False,False
ses_20260630-124826-CHAITANYA0BCF,2026-06-30T13:04:33.080Z,3.518,M1-A-4,M1-E-1,Google Chrome,Google Chrome,HR人事給与システム - Google Chrome,HR人事給与システム - Google Chrome,browser_navigation,False,False
ses_20260630-124826-CHAITANYA0BCF,2026-06-30T13:05:00.605Z,0.516,M1-E-1,M1-M-3,Google Chrome,Google Chrome,HR人事給与システム - Google Chrome,HR人事給与システム - Google Chrome,app_switch,False,False
ses_20260630-124826-CHAITANYA0BCF,2026-06-30T13:05:34.776Z,0.502,M1-M-3,M1-A-5,Google Chrome,Google Chrome,受発注在庫管理システム - Google Chrome,受発注在庫管理システム - Google Chrome,app_switch,False,False
ses_20260630-124826-CHAITANYA0BCF,2026-06-30T13:05:59.213Z,0.501,M1-A-5,M1-M-4,Google Chrome,Google Chrome,HR人事給与システム - Google Chrome,HR人事給与システム - Google Chrome,app_switch,False,False
ses_20260630-124826-CHAITANYA0BCF,2026-06-30T13:06:36.635Z,0.495,M1-M-4,M1-D-1,Google Chrome,Google Chrome,受発注在庫管理システム - Google Chrome,受発注在庫管理システム - Google Chrome,app_switch,False,False
ses_20260630-124826-CHAITANYA0BCF,2026-06-30T13:07:15.837Z,0.486,M1-D-1,M1-F-4,Google Chrome,Google Chrome,HR人事給与システム - Google Chrome,HR人事給与システム - Google Chrome,app_switch,False,False
ses_20260630-124826-CHAITANYA0BCF,2026-06-30T13:07:39.866Z,0.391,M1-F-4,M1-N-3,Google Chrome,Google Chrome,財務会計システム - Google Chrome,財務会計システム - Google Chrome,app_switch,False,False
ses_20260630-125757-LAPTOP-R36BQBTE,2026-06-30T12:59:33.592Z,0.462,M1-K-1,M1-C-1,Google Chrome,Google Chrome,受発注在庫管理システム - Google Chrome,受発注在庫管理システム - Google Chrome,app_switch,False,False
ses_20260630-125757-LAPTOP-R36BQBTE,2026-06-30T13:03:40.903Z,0.452,M1-C-3,M1-J-1,Google Chrome,Google Chrome,HR人事給与システム - Google Chrome,HR人事給与システム - Google Chrome,app_switch,False,False
ses_20260630-125757-LAPTOP-R36BQBTE,2026-06-30T13:08:05.691Z,0.53,M1-D-2,M1-K-2,Google Chrome,Google Chrome,HR人事給与システム - Google Chrome,HR人事給与システム - Google Chrome,app_switch,False,False
ses_20260630-125757-LAPTOP-R36BQBTE,2026-06-30T13:09:08.406Z,0.457,M1-H-1,M1-O-1,Google Chrome,Google Chrome,財務会計システム - Google Chrome,財務会計システム - Google Chrome,app_switch,False,False
ses_20260630-125757-LAPTOP-R36BQBTE,2026-06-30T13:09:34.413Z,0.422,M1-O-1,M1-D-3,Google Chrome,Google Chrome,受発注在庫管理システム - Google Chrome,受発注在庫管理システム - Google Chrome,app_switch,False,False
ses_20260630-125757-LAPTOP-R36BQBTE,2026-06-30T13:10:16.527Z,0.395,M1-D-3,M1-H-2,Google Chrome,Google Chrome,HR人事給与システム - Google Chrome,HR人事給与システム - Google Chrome,app_switch,False,False
ses_20260630-125757-LAPTOP-R36BQBTE,2026-06-30T13:10:46.710Z,0.49,M1-H-2,M1-L-3,Google Chrome,Google Chrome,財務会計システム - Google Chrome,財務会計システム - Google Chrome,app_switch,False,False
ses_20260630-125757-LAPTOP-R36BQBTE,2026-06-30T13:11:41.836Z,33.93,M1-L-3,M1-N-3,Google Chrome,Google Chrome,受発注在庫管理システム - Google Chrome,受発注在庫管理システム - Google Chrome,mouse_click,False,False
ses_20260630-125757-LAPTOP-R36BQBTE,2026-06-30T13:12:16.956Z,0.517,M1-N-3,M1-H-3,Google Chrome,Google Chrome,受発注在庫管理システム - Google Chrome,受発注在庫管理システム - Google Chrome,app_switch,False,False
ses_20260630-125757-LAPTOP-R36BQBTE,2026-06-30T13:12:43.241Z,0.485,M1-H-3,M1-K-3,Google Chrome,Google Chrome,財務会計システム - Google Chrome,財務会計システム - Google Chrome,app_switch,False,False
ses_20260630-125757-LAPTOP-R36BQBTE,2026-06-30T13:13:16.709Z,6.195,M1-K-3,M1-L-4,Google Chrome,Google Chrome,受発注在庫管理システム - Google Chrome,受発注在庫管理システム - Google Chrome,mouse_click,False,False
ses_20260630-131729-CHAITANYA0BCF,2026-06-30T13:20:51.043Z,0.548,M1-O-2,M1-E-1,Google Chrome,Google Chrome,受発注在庫管理システム - Google Chrome,受発注在庫管理システム - Google Chrome,app_switch,False,False
ses_20260630-131729-CHAITANYA0BCF,2026-06-30T13:21:21.876Z,3.924,M1-E-1,M1-D-3,Google Chrome,Google Chrome,HR人事給与システム - Google Chrome,HR人事給与システム - Google Chrome,browser_navigation,False,False
ses_20260630-131729-CHAITANYA0BCF,2026-06-30T13:21:54.981Z,0.491,M1-D-3,M1-O-3,Google Chrome,Google Chrome,HR人事給与システム - Google Chrome,HR人事給与システム - Google Chrome,app_switch,False,False
ses_20260630-131729-CHAITANYA0BCF,2026-06-30T13:22:21.745Z,4.391,M1-O-3,M1-L-1,Google Chrome,Google Chrome,受発注在庫管理システム - Google Chrome,受発注在庫管理システム - Google Chrome,browser_navigation,False,False
ses_20260630-131729-CHAITANYA0BCF,2026-06-30T13:22:39.266Z,0.49,M1-L-1,M1-G-1,Google Chrome,Google Chrome,受発注在庫管理システム - Google Chrome,受発注在庫管理システム - Google Chrome,app_switch,False,False
ses_20260630-131729-CHAITANYA0BCF,2026-06-30T13:24:41.252Z,3.475,M1-C-2,M1-L-2,Google Chrome,Google Chrome,HR人事給与システム - Google Chrome,HR人事給与システム - Google Chrome,app_switch,False,False
ses_20260630-131729-CHAITANYA0BCF,2026-06-30T13:25:53.844Z,0.512,M1-C-3,M1-M-1,Google Chrome,Google Chrome,HR人事給与システム - Google Chrome,HR人事給与システム - Google Chrome,app_switch,False,False
ses_20260630-131729-CHAITANYA0BCF,2026-06-30T13:26:32.875Z,0.545,M1-M-1,M1-C-4,Google Chrome,Google Chrome,受発注在庫管理システム - Google Chrome,受発注在庫管理システム - Google Chrome,app_switch,False,False
ses_20260630-131729-CHAITANYA0BCF,2026-06-30T13:27:10.088Z,0.456,M1-C-4,M1-L-3,Google Chrome,Google Chrome,HR人事給与システム - Google Chrome,HR人事給与システム - Google Chrome,app_switch,False,False
ses_20260630-131729-CHAITANYA0BCF,2026-06-30T13:27:36.010Z,3.971,M1-L-3,M1-M-2,Google Chrome,Google Chrome,受発注在庫管理システム - Google Chrome,受発注在庫管理システム - Google Chrome,browser_navigation,False,False
ses_20260630-131729-CHAITANYA0BCF,2026-06-30T13:28:08.158Z,3.688,M1-M-2,M1-L-4,Google Chrome,Google Chrome,受発注在庫管理システム - Google Chrome,受発注在庫管理システム - Google Chrome,browser_navigation,False,False
ses_20260630-131729-CHAITANYA0BCF,2026-06-30T13:32:35.325Z,0.483,M1-G-4,M1-E-2,Google Chrome,Google Chrome,財務会計システム - Google Chrome,財務会計システム - Google Chrome,app_switch,False,False
ses_20260630-131729-CHAITANYA0BCF,2026-06-30T13:33:02.619Z,0.422,M1-E-2,M1-N-1,Google Chrome,Google Chrome,HR人事給与システム - Google Chrome,HR人事給与システム - Google Chrome,app_switch,False,False
ses_20260630-131729-CHAITANYA0BCF,2026-06-30T13:33:40.146Z,0.45,M1-N-1,M1-E-3,Google Chrome,Google Chrome,受発注在庫管理システム - Google Chrome,受発注在庫管理システム - Google Chrome,app_switch,False,False
ses_20260630-132737-LAPTOP-R36BQBTE,2026-06-30T13:29:26.371Z,0.446,M1-F-1,M1-E-1,Google Chrome,Google Chrome,財務会計システム - Google Chrome,財務会計システム - Google Chrome,app_switch,False,False
ses_20260630-132737-LAPTOP-R36BQBTE,2026-06-30T13:31:14.634Z,7.042,M1-C-2,M1-B-1,Google Chrome,Google Chrome,HR人事給与システム - Google Chrome,HR人事給与システム - Google Chrome,mouse_click,False,False
ses_20260630-132737-LAPTOP-R36BQBTE,2026-06-30T13:32:02.237Z,31.048,M1-B-1,M1-D-1,Google Chrome,Google Chrome,HR人事給与システム - Google Chrome,HR人事給与システム - Google Chrome,mouse_click,False,False
ses_20260630-132737-LAPTOP-R36BQBTE,2026-06-30T13:34:14.353Z,0.46,M1-D-1,M1-H-1,Google Chrome,Google Chrome,HR人事給与システム - Google Chrome,HR人事給与システム - Google Chrome,app_switch,False,False
ses_20260630-132737-LAPTOP-R36BQBTE,2026-06-30T13:34:45.435Z,0.445,M1-H-1,M1-B-2,Google Chrome,Google Chrome,財務会計システム - Google Chrome,財務会計システム - Google Chrome,app_switch,False,False
ses_20260630-132737-LAPTOP-R36BQBTE,2026-06-30T13:36:17.057Z,0.456,M1-F-2,M1-C-3,Google Chrome,Google Chrome,財務会計システム - Google Chrome,財務会計システム - Google Chrome,app_switch,False,False
ses_20260630-132737-LAPTOP-R36BQBTE,2026-06-30T13:36:56.687Z,0.471,M1-C-3,M1-F-3,Google Chrome,Google Chrome,HR人事給与システム - Google Chrome,HR人事給与システム - Google Chrome,app_switch,False,False
ses_20260630-132737-LAPTOP-R36BQBTE,2026-06-30T13:37:25.164Z,0.456,M1-F-3,M1-C-4,Google Chrome,Google Chrome,財務会計システム - Google Chrome,財務会計システム - Google Chrome,app_switch,False,False
ses_20260630-132737-LAPTOP-R36BQBTE,2026-06-30T13:38:10.805Z,6.077,M1-C-4,M1-A-1,Google Chrome,Google Chrome,HR人事給与システム - Google Chrome,HR人事給与システム - Google Chrome,mouse_click,False,False
ses_20260630-132737-LAPTOP-R36BQBTE,2026-06-30T13:38:37.144Z,6.416,M1-A-1,M1-E-2,Google Chrome,Google Chrome,HR人事給与システム - Google Chrome,HR人事給与システム - Google Chrome,mouse_click,False,False
ses_20260630-132737-LAPTOP-R36BQBTE,2026-06-30T13:39:01.205Z,0.464,M1-E-2,M1-O-1,Google Chrome,Google Chrome,HR人事給与システム - Google Chrome,HR人事給与システム - Google Chrome,app_switch,False,False
ses_20260630-132737-LAPTOP-R36BQBTE,2026-06-30T13:40:35.633Z,0.398,M1-O-1,M1-D-2,Google Chrome,Google Chrome,受発注在庫管理システム - Google Chrome,受発注在庫管理システム - Google Chrome,app_switch,False,False
ses_20260630-132737-LAPTOP-R36BQBTE,2026-06-30T13:41:14.759Z,6.173,M1-D-2,M1-A-2,Google Chrome,Google Chrome,HR人事給与システム - Google Chrome,HR人事給与システム - Google Chrome,mouse_click,False,False
ses_20260630-132737-LAPTOP-R36BQBTE,2026-06-30T13:42:04.918Z,0.445,M1-O-2,M1-D-3,Google Chrome,Google Chrome,受発注在庫管理システム - Google Chrome,受発注在庫管理システム - Google Chrome,app_switch,False,False
ses_20260630-132737-LAPTOP-R36BQBTE,2026-06-30T13:42:45.430Z,0.547,M1-D-3,M1-O-3,Google Chrome,Google Chrome,HR人事給与システム - Google Chrome,HR人事給与システム - Google Chrome,app_switch,False,False
ses_20260630-132737-LAPTOP-R36BQBTE,2026-06-30T13:43:15.513Z,0.527,M1-O-3,M1-B-3,Google Chrome,Google Chrome,受発注在庫管理システム - Google Chrome,受発注在庫管理システム - Google Chrome,app_switch,False,False
ses_20260630-132737-LAPTOP-R36BQBTE,2026-06-30T13:44:17.449Z,40.75,M1-B-3,M1-A-3,Google Chrome,Google Chrome,HR人事給与システム - Google Chrome,HR人事給与システム - Google Chrome,mouse_click,False,False
ses_20260630-132737-LAPTOP-R36BQBTE,2026-06-30T13:44:46.204Z,7.179,M1-A-3,M1-B-4,Google Chrome,Google Chrome,HR人事給与システム - Google Chrome,HR人事給与システム - Google Chrome,mouse_click,False,False
ses_20260630-132737-LAPTOP-R36BQBTE,2026-06-30T13:46:42.864Z,0.497,M1-H-3,M1-E-3,Google Chrome,Google Chrome,財務会計システム - Google Chrome,財務会計システム - Google Chrome,app_switch,False,False
ses_20260630-132737-LAPTOP-R36BQBTE,2026-06-30T13:47:10.754Z,0.521,M1-E-3,M1-H-4,Google Chrome,Google Chrome,HR人事給与システム - Google Chrome,HR人事給与システム - Google Chrome,app_switch,False,False
ses_20260630-135201-LAPTOP-R36BQBTE,2026-06-30T13:54:10.875Z,0.554,M1-O-2,M1-I-1,Google Chrome,Google Chrome,受発注在庫管理システム - Google Chrome,受発注在庫管理システム - Google Chrome,app_switch,False,False
ses_20260630-135201-LAPTOP-R36BQBTE,2026-06-30T13:55:19.919Z,0.453,M1-I-1,M1-L-1,Google Chrome,Google Chrome,財務会計システム - Google Chrome,財務会計システム - Google Chrome,app_switch,False,False
ses_20260630-135201-LAPTOP-R36BQBTE,2026-06-30T13:56:08.660Z,26.464,M1-L-1,M1-K-1,Google Chrome,Google Chrome,受発注在庫管理システム - Google Chrome,受発注在庫管理システム - Google Chrome,mouse_click,False,False
ses_20260630-135201-LAPTOP-R36BQBTE,2026-06-30T13:59:45.326Z,0.518,M1-C-2,M1-K-2,Google Chrome,Google Chrome,HR人事給与システム - Google Chrome,HR人事給与システム - Google Chrome,app_switch,False,False
ses_20260630-135201-LAPTOP-R36BQBTE,2026-06-30T14:00:07.930Z,0.478,M1-K-2,M1-B-1,Google Chrome,Google Chrome,受発注在庫管理システム - Google Chrome,受発注在庫管理システム - Google Chrome,app_switch,False,False
ses_20260630-135201-LAPTOP-R36BQBTE,2026-06-30T14:00:32.432Z,0.457,M1-B-1,M1-L-2,Google Chrome,Google Chrome,HR人事給与システム - Google Chrome,HR人事給与システム - Google Chrome,app_switch,False,False
ses_20260630-135201-LAPTOP-R36BQBTE,2026-06-30T14:01:24.649Z,7.191,M1-B-2,M1-C-3,Google Chrome,Google Chrome,HR人事給与システム - Google Chrome,HR人事給与システム - Google Chrome,mouse_click,False,False
ses_20260630-135201-LAPTOP-R36BQBTE,2026-06-30T14:04:05.473Z,6.074,M1-I-3,M1-G-1,Google Chrome,Google Chrome,財務会計システム - Google Chrome,財務会計システム - Google Chrome,mouse_click,False,False
