baseline,threshold_seconds,tp,fp,fn,precision,recall,candidates
gap,5,97,1962,1285,0.04711024769305488,0.07018813314037627,2059
gap_or_app_change,5,98,4238,1284,0.022601476014760147,0.07091172214182344,4336
gap,10,65,1360,1317,0.0456140350877193,0.04703328509406657,1425
gap_or_app_change,10,67,3797,1315,0.017339544513457556,0.04848046309696093,3864
gap,20,37,422,1345,0.08061002178649238,0.026772793053545588,459
gap_or_app_change,20,54,3083,1328,0.01721389862926363,0.03907380607814761,3137
gap,30,28,238,1354,0.10526315789473684,0.020260492040520984,266
gap_or_app_change,30,45,2934,1337,0.015105740181268883,0.03256150506512301,2979
gap,60,3,53,1379,0.05357142857142857,0.002170767004341534,56
gap_or_app_change,60,21,2778,1361,0.007502679528403001,0.015195369030390739,2799
