threshold,precision,recall,f1,predicted_boundaries
0.05,0.07824838478104809,0.6955332725615314,0.14067109144542772,9751
0.06,0.0812626639650208,0.6946216955332726,0.14550315065877412,9377
0.07,0.08432001770499059,0.6946216955332726,0.15038484310242747,9037
0.08,0.08717538039125958,0.6946216955332726,0.15490953445822322,8741
0.09,0.08968768414849734,0.6937101185050136,0.1588394907117512,8485
0.1,0.09211959811160876,0.6937101185050136,0.16264159008335113,8261
0.11,0.09465174129353233,0.6937101185050136,0.16657546240560359,8040
0.12,0.09745165834293763,0.6937101185050136,0.1708960251515832,7809
0.13,0.09996059372126626,0.6937101185050136,0.17474167623421355,7613
0.14,0.10206822455009401,0.6927985414767548,0.17792344609621913,7446
0.15,0.1043155579989005,0.6918869644484958,0.1812970261554998,7276
0.16,0.1064366848969289,0.6918869644484958,0.18449197860962566,7131
0.17,0.1086147681740126,0.6918869644484958,0.18775510204081633,6988
0.18,0.11083528037383178,0.6918869644484958,0.1910635619886721,6848
0.19,0.11301369863013698,0.6918869644484958,0.19429156533981826,6716
0.2,0.11486077481840194,0.6918869644484958,0.19701492537313434,6608
0.21,0.11688511950655359,0.690975387420237,0.19994724347137957,6485
0.22,0.11903266331658291,0.690975387420237,0.2030810448760884,6368
0.23,0.12129940790526485,0.690975387420237,0.20637081404846175,6249
0.24,0.12357352461688947,0.690975387420237,0.2096528834186143,6134
0.25,0.12553825770122556,0.690975387420237,0.21247372109320253,6038
0.26,0.12748065926673394,0.690975387420237,0.21524918358653983,5946
0.27,0.12959480253034708,0.690975387420237,0.21825511085516844,5849
0.28,0.13158352164088302,0.6900638103919782,0.22102189781021897,5753
0.29,0.1341009743135518,0.6900638103919782,0.22456244437852269,5645
0.3,0.13644556596971882,0.6900638103919782,0.22784048156508654,5548
0.31,0.1387972130546388,0.6900638103919782,0.2311097542359945,5454
0.32,0.14099459862171726,0.6900638103919782,0.23414785029384472,5369
0.33,0.14377967711301046,0.6900638103919782,0.2379754794089909,5265
0.34,0.14544055405925355,0.6891522333637192,0.24019062748212866,5198
0.35,0.14745465184318315,0.6891522333637192,0.24293059125964012,5127
0.36,0.1492007104795737,0.6891522333637192,0.24529526281635303,5067
0.37,0.15127229012222,0.6882406563354604,0.24802890932982918,4991
0.38,0.15364265364265364,0.6882406563354604,0.25120612210946597,4914
0.39,0.1557207765386204,0.6873290793072014,0.25391480047145987,4842
0.4,0.15753138075313808,0.6864175022789426,0.256253190403267,4780
0.41,0.1599319438536793,0.6855059252506837,0.2593550612174513,4702
0.42,0.16248919619706137,0.6855059252506837,0.262707423580786,4628
0.43,0.16465951390409458,0.6855059252506837,0.2655367231638418,4567
0.44,0.1672613737734166,0.6836827711941659,0.26876903780684464,4484
0.45,0.17041581458759372,0.6836827711941659,0.2728264823572208,4401
0.46,0.17262866374336489,0.6818596171376481,0.2755064456721915,4333
0.47,0.1751054852320675,0.6809480401093893,0.2785754242028715,4266
0.48,0.1779842744817727,0.6809480401093893,0.2822062712504722,4197
0.49,0.1812227074235808,0.6809480401093893,0.2862617359647442,4122
0.5,0.18412620162681784,0.6809480401093893,0.28987194412107103,4057
0.51,0.18628428927680798,0.6809480401093893,0.2925396514587821,4010
0.52,0.18828874305906107,0.6800364630811303,0.2949199446530935,3962
0.53,0.19123301717508331,0.6800364630811303,0.29851940776310526,3901
0.54,0.19381657573395686,0.6800364630811303,0.3016579053780833,3849
0.55,0.19548674888480713,0.6791248860528715,0.30358598207008963,3811
0.56,0.19718309859154928,0.6763901549680948,0.30534979423868314,3763
0.57,0.19919354838709677,0.6754785779398359,0.30766036952460035,3720
0.58,0.20147219193020718,0.6736554238833181,0.31017838405036724,3668
0.59,0.2032542746828461,0.6718322698268003,0.31208977344907896,3626
0.6,0.2059317291550084,0.6709206927985415,0.31513594519374866,3574
0.61,0.20909090909090908,0.6709206927985415,0.3188217457223305,3520
0.62,0.21102497846683893,0.6700091157702825,0.32096069868995636,3483
0.63,0.21258700696055685,0.6681859617137648,0.32255225522552256,3448
0.64,0.21481046135762563,0.6663628076572471,0.3248888888888889,3403
0.65,0.21739130434782608,0.6654512306289881,0.3277216610549944,3358
0.66,0.22013909888116118,0.6636280765724704,0.33060853769300635,3307
0.67,0.22225619076734943,0.6627164995442115,0.33287545787545786,3271
0.68,0.22512437810945274,0.6599817684594348,0.3357291908184558,3216
0.69,0.22718691000629326,0.658158614402917,0.3377777777777778,3178
0.7,0.2291336083782926,0.658158614402917,0.339924670433145,3151
0.71,0.23210831721470018,0.6563354603463992,0.34293879495117885,3102
0.72,0.23404947916666666,0.6554238833181404,0.34492684096905735,3072
0.73,0.23606989779096604,0.6526891522333638,0.3467312348668281,3033
0.74,0.2374749498997996,0.6481312670920693,0.3475922757272061,2994
0.75,0.24067796610169492,0.6472196900638104,0.3508771929824561,2950
0.76,0.24202948234487487,0.6435733819507748,0.3517688091679123,2917
0.77,0.24418200764154221,0.6408386508659982,0.3536217303822938,2879
0.78,0.2464689265536723,0.6362807657247037,0.3553066938152202,2832
0.79,0.24883470778056652,0.6326344576116681,0.35717961914565105,2789
0.8,0.2503644314868805,0.626253418413856,0.35771934392085397,2744
0.81,0.2511111111111111,0.618049225159526,0.3571240452989202,2700
0.82,0.2539622641509434,0.6134913400182316,0.3592207099012543,2650
0.83,0.2569124423963134,0.609845031905196,0.36152391245609294,2604
0.84,0.25849277625927375,0.6034639927073838,0.36194641880809186,2561
0.85,0.25925925925925924,0.593436645396536,0.36086474501108645,2511
0.86,0.26004056795131847,0.5843208751139471,0.35991016282987087,2465
0.87,0.25645295587010825,0.5615314494074749,0.35210060017147754,2402
0.88,0.255793991416309,0.5432999088422972,0.34782608695652173,2330
0.89,0.25044483985765126,0.5132178669097539,0.33662182361733933,2248
0.9,0.24493554327808473,0.48495897903372837,0.32548179871520344,2172
0.91,0.23466407010710807,0.43938012762078393,0.30593462392891146,2054
0.92,0.21795537104307214,0.3828623518687329,0.2777777777777778,1927
0.93,0.20309050772626933,0.33546034639927075,0.25300790649707805,1812
0.94,0.19329742669060443,0.2944393801276208,0.2333815028901734,1671
0.95,0.18265440210249673,0.2534184138559708,0.21229476899579994,1522
