session_id,timestamp_iso,score,gap,active_app,event_type,execution_id,y,pred
ses_20260630-121953-LAPTOP-R36BQBTE,2026-06-30T12:22:13.439Z,0.983373030791773,15.563,Microsoft Word,app_switch,M1-C-1,0,True
ses_20260630-121953-LAPTOP-R36BQBTE,2026-06-30T12:24:43.101Z,0.8168405840851924,7.297,Google Chrome,app_switch,M1-C-2,0,True
ses_20260630-121953-LAPTOP-R36BQBTE,2026-06-30T12:27:18.928Z,0.8302382223154505,7.52,Microsoft Word,app_switch,M1-M-2,0,True
ses_20260630-121953-LAPTOP-R36BQBTE,2026-06-30T12:27:37.804Z,0.9043572289382309,9.551,Google Chrome,app_switch,M1-M-2,0,True
ses_20260630-121953-LAPTOP-R36BQBTE,2026-06-30T12:30:38.424Z,0.9539968777126777,8.813,Google Chrome,app_switch,M1-C-3,0,True
ses_20260630-121953-LAPTOP-R36BQBTE,2026-06-30T12:34:18.988Z,0.9845164317294424,13.722,Google Chrome,shortcut,M1-M-4,0,True
ses_20260630-121953-LAPTOP-R36BQBTE,2026-06-30T12:35:58.299Z,0.8551775984412313,13.454,Google Chrome,app_switch,M1-G-4,0,True
ses_20260630-121953-LAPTOP-R36BQBTE,2026-06-30T12:37:58.221Z,0.9958358210282567,14.491,Microsoft Word,app_switch,M1-C-4,0,True
ses_20260630-135201-LAPTOP-R36BQBTE,2026-06-30T13:54:41.229Z,0.9622672815305531,11.747,Microsoft PowerPoint,app_switch,M1-I-1,0,True
ses_20260630-135201-LAPTOP-R36BQBTE,2026-06-30T13:55:02.841Z,0.9972056779616372,20.323,Notepad,app_switch,M1-I-1,0,True
ses_20260630-135201-LAPTOP-R36BQBTE,2026-06-30T14:01:44.700Z,0.9736524365409613,9.909,Microsoft Word,app_switch,M1-C-3,0,True
ses_20260630-135201-LAPTOP-R36BQBTE,2026-06-30T14:03:22.614Z,0.8043237077939759,1.951,Microsoft PowerPoint,shortcut,M1-I-3,0,True
ses_20260630-135201-LAPTOP-R36BQBTE,2026-06-30T14:03:32.111Z,0.9635078975813387,9.397,Microsoft PowerPoint,app_switch,M1-I-3,0,True
ses_20260630-135201-LAPTOP-R36BQBTE,2026-06-30T14:03:50.994Z,0.9860452114073037,17.256,Microsoft PowerPoint,app_switch,M1-I-3,0,True
ses_20260630-135201-LAPTOP-R36BQBTE,2026-06-30T14:05:00.791Z,0.9991024402725052,22.062,Google Chrome,shortcut,M1-D-1,0,True
ses_20260630-135201-LAPTOP-R36BQBTE,2026-06-30T14:07:08.659Z,0.8073921296801065,11.691,Google Chrome,app_switch,M1-L-4,0,True
ses_20260630-135201-LAPTOP-R36BQBTE,2026-06-30T14:09:46.954Z,0.8691396340807097,12.29,Notepad,app_switch,M1-D-3,0,True
ses_20260630-135201-LAPTOP-R36BQBTE,2026-06-30T14:11:07.956Z,0.9999999999565088,63.684,Google Chrome,app_switch,M1-D-3,0,True
ses_20260701-005920-yuvraj,2026-07-01T01:00:40.641Z,0.9402714358049972,2.637,Google Chrome,app_switch,M1-O-1,0,True
ses_20260701-005920-yuvraj,2026-07-01T01:01:08.744Z,0.9201514818694478,1.915,Google Chrome,mouse_click,M1-G-1,0,True
ses_20260701-005920-yuvraj,2026-07-01T01:01:08.747Z,0.8943265158652589,0.003,Google Chrome,browser_click,M1-G-1,0,True
ses_20260701-005920-yuvraj,2026-07-01T01:01:08.774Z,0.9614101124547426,0.027,Google Chrome,screenshot_smart,M1-G-1,0,True
ses_20260701-005920-yuvraj,2026-07-01T01:01:08.914Z,0.9657161690673702,0.14,Google Chrome,mouse_scroll,M1-G-1,0,True
ses_20260701-005920-yuvraj,2026-07-01T01:01:11.052Z,0.9847008276207923,2.138,Google Chrome,app_switch,M1-G-1,0,True
ses_20260701-005920-yuvraj,2026-07-01T01:01:11.118Z,0.9783619316372687,0.066,Google Chrome,screenshot_smart,M1-G-1,0,True
ses_20260701-005920-yuvraj,2026-07-01T01:01:11.791Z,0.948703436081735,0.673,Google Chrome,shortcut,M1-G-1,0,True
ses_20260701-005920-yuvraj,2026-07-01T01:01:11.791Z,0.8776436570979504,0.0,Google Chrome,keystroke,M1-G-1,0,True
ses_20260701-005920-yuvraj,2026-07-01T01:01:31.710Z,0.9339061413351287,2.057,Google Chrome,mouse_click,M1-H-1,0,True
ses_20260701-005920-yuvraj,2026-07-01T01:01:31.712Z,0.9030934893192194,0.002,Google Chrome,browser_click,M1-H-1,0,True
ses_20260701-005920-yuvraj,2026-07-01T01:01:31.800Z,0.9640504657007095,0.088,Google Chrome,screenshot_smart,M1-H-1,0,True
ses_20260701-005920-yuvraj,2026-07-01T01:01:31.883Z,0.9649270315235422,0.083,Google Chrome,mouse_scroll,M1-H-1,0,True
ses_20260701-005920-yuvraj,2026-07-01T01:01:34.099Z,0.9851792995125421,2.216,Google Chrome,app_switch,M1-H-1,0,True
ses_20260701-005920-yuvraj,2026-07-01T01:01:34.141Z,0.9781507979121877,0.042,Google Chrome,screenshot_smart,M1-H-1,0,True
ses_20260701-005920-yuvraj,2026-07-01T01:01:34.815Z,0.9487235595589141,0.674,Google Chrome,shortcut,M1-H-1,0,True
ses_20260701-005920-yuvraj,2026-07-01T01:01:53.578Z,0.8284480859562312,0.082,Google Chrome,screenshot_smart,M1-H-1,0,True
ses_20260701-005920-yuvraj,2026-07-01T01:01:54.927Z,0.8859771751824169,1.349,Google Chrome,browser_navigation,M1-H-1,0,True
ses_20260701-005920-yuvraj,2026-07-01T01:01:55.018Z,0.9322338168077294,0.091,Google Chrome,screenshot_smart,M1-H-1,0,True
ses_20260701-005920-yuvraj,2026-07-01T01:02:00.532Z,0.9800184338426934,5.514,Google Chrome,browser_navigation,M1-H-1,0,True
ses_20260701-005920-yuvraj,2026-07-01T01:02:00.574Z,0.897423481882951,0.042,Google Chrome,screenshot_smart,M1-H-1,0,True
ses_20260701-005920-yuvraj,2026-07-01T01:02:04.026Z,0.943823404830842,0.065,Google Chrome,screenshot_smart,M1-G-2,0,True
ses_20260701-005920-yuvraj,2026-07-01T01:02:05.888Z,0.9732032791174808,1.862,Google Chrome,mouse_click,M1-G-2,0,True
ses_20260701-005920-yuvraj,2026-07-01T01:02:05.891Z,0.9755158359563921,0.003,Google Chrome,browser_click,M1-G-2,0,True
ses_20260701-005920-yuvraj,2026-07-01T01:02:05.925Z,0.970633416502223,0.034,Google Chrome,mouse_scroll,M1-G-2,0,True
ses_20260701-005920-yuvraj,2026-07-01T01:02:05.971Z,0.9459300463024847,0.046,Google Chrome,screenshot_smart,M1-G-2,0,True
ses_20260701-005920-yuvraj,2026-07-01T01:02:08.097Z,0.9763889674080712,2.126,Google Chrome,app_switch,M1-G-2,0,True
ses_20260701-005920-yuvraj,2026-07-01T01:02:20.286Z,0.8426043418530037,2.662,Google Chrome,app_switch,M1-G-2,0,True
ses_20260701-005920-yuvraj,2026-07-01T01:02:21.057Z,0.8604990124039343,0.055,Google Chrome,app_switch,M1-K-1,0,True
ses_20260701-005920-yuvraj,2026-07-01T01:02:53.242Z,0.952920961567827,2.809,Google Chrome,mouse_click,M1-O-2,0,True
ses_20260701-005920-yuvraj,2026-07-01T01:02:53.244Z,0.9072463849543018,0.002,Google Chrome,browser_click,M1-O-2,0,True
ses_20260701-005920-yuvraj,2026-07-01T01:02:53.276Z,0.9649146084324616,0.032,Google Chrome,screenshot_smart,M1-O-2,0,True
ses_20260701-005920-yuvraj,2026-07-01T01:02:53.278Z,0.9654273984435499,0.002,Google Chrome,mouse_scroll,M1-O-2,0,True
ses_20260701-005920-yuvraj,2026-07-01T01:02:55.319Z,0.9840845483804778,2.041,Google Chrome,app_switch,M1-O-2,0,True
ses_20260701-005920-yuvraj,2026-07-01T01:02:55.424Z,0.9787007758412659,0.105,Google Chrome,screenshot_smart,M1-O-2,0,True
ses_20260701-005920-yuvraj,2026-07-01T01:02:55.939Z,0.9454284762309859,0.515,Google Chrome,shortcut,M1-O-2,0,True
ses_20260701-005920-yuvraj,2026-07-01T01:03:14.148Z,0.8806126094089527,0.085,Google Chrome,screenshot_smart,M1-L-1,0,True
ses_20260701-005920-yuvraj,2026-07-01T01:03:16.686Z,0.9146361745000483,2.538,Google Chrome,mouse_click,M1-L-1,0,True
ses_20260701-005920-yuvraj,2026-07-01T01:03:16.689Z,0.8587868586355066,0.003,Google Chrome,browser_click,M1-L-1,0,True
ses_20260701-005920-yuvraj,2026-07-01T01:03:16.696Z,0.9466811567222587,0.007,Google Chrome,screenshot_smart,M1-L-1,0,True
ses_20260701-005920-yuvraj,2026-07-01T01:03:16.735Z,0.9510122870349994,0.039,Google Chrome,mouse_scroll,M1-L-1,0,True
ses_20260701-005920-yuvraj,2026-07-01T01:03:18.638Z,0.9767262448144777,1.903,Google Chrome,app_switch,M1-L-1,0,True
ses_20260701-005920-yuvraj,2026-07-01T01:03:18.738Z,0.9705457639233805,0.1,Google Chrome,screenshot_smart,M1-L-1,0,True
ses_20260701-005920-yuvraj,2026-07-01T01:03:19.489Z,0.9320912327133855,0.751,Google Chrome,shortcut,M1-L-1,0,True
ses_20260701-005920-yuvraj,2026-07-01T01:03:19.489Z,0.8375126832622046,0.0,Google Chrome,keystroke,M1-L-1,0,True
ses_20260701-005920-yuvraj,2026-07-01T01:03:19.491Z,0.8338276799392037,0.002,Google Chrome,keystroke,M1-L-1,0,True
ses_20260701-005920-yuvraj,2026-07-01T01:03:57.664Z,0.9999973995664203,27.183,Google Chrome,app_switch,M1-L-1,0,True
ses_20260701-005920-yuvraj,2026-07-01T01:04:11.089Z,0.9644376734116271,11.747,Google Chrome,app_switch,M1-L-1,0,True
ses_20260701-005920-yuvraj,2026-07-01T01:04:11.136Z,0.8154268028706924,0.047,Google Chrome,screenshot_smart,M1-L-1,0,True
ses_20260701-005920-yuvraj,2026-07-01T01:04:35.583Z,0.9366489176125163,2.535,Google Chrome,app_switch,M1-O-3,0,True
ses_20260701-005920-yuvraj,2026-07-01T01:04:36.354Z,0.8604990124039343,0.055,Google Chrome,app_switch,M1-C-1,0,True
ses_20260701-005920-yuvraj,2026-07-01T01:05:00.988Z,0.9790184402705704,15.437,Microsoft Word,app_switch,M1-C-1,0,True
ses_20260701-005920-yuvraj,2026-07-01T01:05:36.387Z,0.8804385723770423,0.081,Google Chrome,screenshot_smart,M1-A-1,0,True
ses_20260701-005920-yuvraj,2026-07-01T01:05:39.362Z,0.9277306025389339,2.975,Google Chrome,mouse_click,M1-A-1,0,True
ses_20260701-005920-yuvraj,2026-07-01T01:05:39.366Z,0.8588370074798414,0.004,Google Chrome,browser_click,M1-A-1,0,True
ses_20260701-005920-yuvraj,2026-07-01T01:05:39.447Z,0.9482050363436985,0.081,Google Chrome,screenshot_smart,M1-A-1,0,True
ses_20260701-005920-yuvraj,2026-07-01T01:05:39.515Z,0.9515680479874145,0.068,Google Chrome,mouse_scroll,M1-A-1,0,True
ses_20260701-005920-yuvraj,2026-07-01T01:05:41.906Z,0.9808986400432651,2.391,Google Chrome,app_switch,M1-A-1,0,True
ses_20260701-005920-yuvraj,2026-07-01T01:05:42.010Z,0.9705930192319081,0.104,Google Chrome,screenshot_smart,M1-A-1,0,True
ses_20260701-005920-yuvraj,2026-07-01T01:05:42.611Z,0.9280575858603297,0.601,Google Chrome,shortcut,M1-A-1,0,True
ses_20260701-005920-yuvraj,2026-07-01T01:05:42.611Z,0.8375126832622046,0.0,Google Chrome,keystroke,M1-A-1,0,True
ses_20260701-005920-yuvraj,2026-07-01T01:05:42.613Z,0.8338276799392037,0.002,Google Chrome,keystroke,M1-A-1,0,True
ses_20260701-005920-yuvraj,2026-07-01T01:05:56.866Z,0.8444213049869499,0.112,Google Chrome,screenshot_smart,M1-A-1,0,True
ses_20260701-005920-yuvraj,2026-07-01T01:06:43.385Z,0.9230934667481513,0.05,Google Chrome,mouse_scroll,M1-C-3,0,True
ses_20260701-005920-yuvraj,2026-07-01T01:06:43.401Z,0.9273803320872692,0.016,Google Chrome,screenshot_smart,M1-C-3,0,True
ses_20260701-005920-yuvraj,2026-07-01T01:06:46.092Z,0.9765583072483633,2.691,Google Chrome,app_switch,M1-C-3,0,True
ses_20260701-005920-yuvraj,2026-07-01T01:06:46.157Z,0.9381671899207004,0.065,Google Chrome,screenshot_smart,M1-C-3,0,True
ses_20260701-005920-yuvraj,2026-07-01T01:06:48.682Z,0.9767270013983174,2.525,Google Chrome,shortcut,M1-C-3,0,True
ses_20260701-005920-yuvraj,2026-07-01T01:06:48.682Z,0.959642496465033,0.0,Google Chrome,keystroke,M1-C-3,0,True
ses_20260701-005920-yuvraj,2026-07-01T01:06:48.684Z,0.8804764017786684,0.002,Google Chrome,keystroke,M1-C-3,0,True
ses_20260701-005920-yuvraj,2026-07-01T01:06:49.122Z,0.8188307463440552,0.438,Google Chrome,screenshot_smart,M1-C-3,0,True
ses_20260701-005920-yuvraj,2026-07-01T01:07:08.368Z,0.822188144909966,0.094,Google Chrome,screenshot_smart,M1-C-3,0,True
ses_20260701-005920-yuvraj,2026-07-01T01:07:12.665Z,0.821570480206108,0.147,Google Chrome,app_switch,M1-H-2,0,True
ses_20260701-005920-yuvraj,2026-07-01T01:07:37.393Z,0.9082830762414746,3.067,Google Chrome,app_switch,M1-H-2,0,True
ses_20260701-005920-yuvraj,2026-07-01T01:09:31.221Z,0.8942088561521998,2.543,Google Chrome,app_switch,M1-K-3,0,True
ses_20260701-005920-yuvraj,2026-07-01T01:09:48.692Z,0.9168248410172638,3.326,Google Chrome,app_switch,M1-K-3,0,True
ses_20260701-005920-yuvraj,2026-07-01T01:09:49.469Z,0.8607470621229747,0.06,Google Chrome,app_switch,M1-H-3,0,True
ses_20260701-005920-yuvraj,2026-07-01T01:10:15.777Z,0.8463135388471055,0.147,Google Chrome,screenshot_smart,M1-H-3,0,True
ses_20260701-005920-yuvraj,2026-07-01T01:10:18.987Z,0.907478930624759,3.21,Google Chrome,app_switch,M1-H-3,0,True
ses_20260701-005920-yuvraj,2026-07-01T01:10:19.761Z,0.8608461784462247,0.062,Google Chrome,app_switch,M1-L-2,0,True
ses_20260701-005920-yuvraj,2026-07-01T01:11:21.358Z,0.8605486519470789,0.056,Google Chrome,app_switch,M1-F-2,0,True
ses_20260701-005920-yuvraj,2026-07-01T01:11:47.892Z,0.8611431725859492,0.068,Google Chrome,app_switch,M1-K-4,0,True
