threshold,precision,recall,f1,predicted_boundary_count,true_boundary_count
0.1,0.0141132037966506,0.9964912280701754,0.02783222265778126,20123,285
0.2,0.02403463815498807,0.9543859649122807,0.04688846750560248,11317,285
0.30000000000000004,0.03597122302158273,0.9122807017543859,0.06921336350326102,7228,285
0.4,0.05040871934604905,0.9087719298245615,0.09551908537709755,5138,285
0.5,0.061704211557296766,0.8842105263157894,0.11535820553902494,4084,285
0.6,0.07167832167832168,0.8631578947368421,0.13236481033091205,3432,285
0.7000000000000001,0.08083724287260917,0.7859649122807018,0.14659685863874347,2771,285
0.8,0.07451212300413956,0.4421052631578947,0.12753036437246965,1691,285
0.9,0.07636738906088751,0.2596491228070175,0.11802232854864432,969,285
