feature,coefficient
post_event_extension_disconnected,-4.07229964188253
pre_event_session_start,-2.9911221006160766
delta_event_session_start,2.9911221006160766
delta_event_extension_disconnected,-2.943054349279586
delta_event_app_switch,2.7582767579567884
post_event_browser_tab_event,-2.6938853704377013
post_event_browser_alert,-2.470787363644233
pre_event_app_switch,-2.0020539481188644
post_event_browser_form_input,-1.9994579851633156
post_event_app_switch,1.8155794339930964
delta_event_browser_alert,-1.7920070503950152
post_app_switch_rate,-1.7858441689451048
post_unique_apps,1.7795352025080182
post_event_browser_navigation,1.506122138822422
pre_event_extension_disconnected,-1.484220632935803
pre_unique_apps,1.3228118705827054
pre_app_switch_rate,-1.2700734327271483
delta_event_browser_tab_event,-1.232109394317935
delta_event_browser_navigation,1.1485950949133017
post_event_browser_click,1.0708245495766615
