scope,metric,value
heldout,boundary_precision,0.28610354223433243
heldout,boundary_recall,0.3684210526315789
heldout,boundary_f1,0.3220858895705521
heldout,predicted_boundary_count,367.0
heldout,gt_boundary_count,285.0
heldout,boundary_count_difference_pred_minus_gt,82.0
heldout,predicted_segments,380.0
heldout,median_segment_duration_seconds,30.04
heldout,mean_segment_duration_seconds,39.06736315789473
heldout,segments_crossing_chunk,11.0
all_dataset_a,boundary_precision,0.2933467741935484
all_dataset_a,boundary_recall,0.4211287988422576
all_dataset_a,boundary_f1,0.34581105169340465
all_dataset_a,predicted_boundary_count,1984.0
all_dataset_a,gt_boundary_count,1382.0
all_dataset_a,boundary_count_difference_pred_minus_gt,602.0
all_dataset_a,predicted_segments,2047.0
all_dataset_a,median_segment_duration_seconds,27.771
all_dataset_a,mean_segment_duration_seconds,36.598001465559356
all_dataset_a,segments_crossing_chunk,47.0
