session_id,split,gt_boundaries,predicted_boundaries,boundary_precision,boundary_recall,boundary_f1,over_under_segmented,predicted_segments,median_segment_duration_seconds,cross_chunk_segments
ses_20260630-121953-LAPTOP-R36BQBTE,heldout,22,4,0.25,0.045454545454545456,0.07692307692307693,-18,5,88.845,1
ses_20260630-124826-CHAITANYA0BCF,training,25,35,0.17142857142857143,0.24,0.2,10,36,28.5425,1
ses_20260630-125757-LAPTOP-R36BQBTE,training,11,37,0.08108108108108109,0.2727272727272727,0.125,26,38,9.084,1
ses_20260630-131729-CHAITANYA0BCF,training,14,22,0.18181818181818182,0.2857142857142857,0.2222222222222222,8,23,37.159,1
ses_20260630-132737-LAPTOP-R36BQBTE,training,20,28,0.10714285714285714,0.15,0.125,8,29,29.453,1
ses_20260630-135201-LAPTOP-R36BQBTE,heldout,19,37,0.10810810810810811,0.21052631578947367,0.14285714285714285,18,38,21.2275,1
ses_20260630-135451-CHAITANYA0BCF,training,25,30,0.26666666666666666,0.32,0.2909090909090909,5,31,29.067,1
ses_20260630-145433-JAYESH,training,30,49,0.16326530612244897,0.26666666666666666,0.20253164556962025,19,50,24.073,1
ses_20260630-163424-SIDDHIGUPTAB00B,training,24,34,0.3235294117647059,0.4583333333333333,0.3793103448275862,10,35,27.14,1
ses_20260630-164418-MSI,training,25,37,0.24324324324324326,0.36,0.2903225806451613,12,38,29.1965,1
ses_20260701-005920-yuvraj,heldout,23,37,0.24324324324324326,0.391304347826087,0.3,14,38,25.490000000000002,1
ses_20260701-014804-yuvraj,training,21,31,0.12903225806451613,0.19047619047619047,0.15384615384615385,10,32,27.8915,1
ses_20260701-022828-yuvraj,training,20,30,0.2,0.3,0.24,10,31,28.674,1
ses_20260701-030836-yuvraj,training,19,26,0.2692307692307692,0.3684210526315789,0.3111111111111111,7,27,27.032,1
ses_20260701-032825-CHAITANYA0BCF,training,20,32,0.21875,0.35,0.2692307692307692,12,33,29.182,1
ses_20260701-035622-SIDDHIGUPTAB00B,heldout,28,36,0.3055555555555556,0.39285714285714285,0.34375,8,37,31.189,1
ses_20260701-043922-SIDDHIGUPTAB00B,training,31,49,0.08163265306122448,0.12903225806451613,0.1,18,50,28.108,0
ses_20260701-051820-CHAITANYA0BCF,training,21,25,0.24,0.2857142857142857,0.2608695652173913,4,26,35.0835,1
ses_20260701-051850-LAPTOP-R36BQBTE,training,26,37,0.10810810810810811,0.15384615384615385,0.12698412698412698,11,38,24.9765,1
ses_20260701-053005-MSI,training,19,23,0.43478260869565216,0.5263157894736842,0.47619047619047616,4,24,35.8685,0
ses_20260701-053720-SIDDHIGUPTAB00B,heldout,27,45,0.26666666666666666,0.4444444444444444,0.3333333333333333,18,46,24.021500000000003,0
ses_20260701-054901-LAPTOP-R36BQBTE,training,22,26,0.038461538461538464,0.045454545454545456,0.041666666666666664,4,27,30.917,1
ses_20260701-054930-CHAITANYA0BCF,training,22,30,0.3,0.4090909090909091,0.34615384615384615,8,31,25.895,1
ses_20260701-055037-Marcos,training,23,29,0.1724137931034483,0.21739130434782608,0.19230769230769232,6,30,26.8885,1
ses_20260701-055918-MSI,training,24,28,0.10714285714285714,0.125,0.11538461538461539,4,29,30.037,0
ses_20260701-062250-Marcos,heldout,25,32,0.28125,0.36,0.3157894736842105,7,33,30.512,1
ses_20260701-062732-MSI,training,20,28,0.39285714285714285,0.55,0.4583333333333333,8,29,27.847,1
ses_20260701-063106-LAPTOP-R36BQBTE,training,17,41,0.12195121951219512,0.29411764705882354,0.1724137931034483,24,42,17.6555,0
ses_20260701-065151-CHAITANYA0BCF,training,24,30,0.13333333333333333,0.16666666666666666,0.14814814814814814,6,31,36.062,1
ses_20260701-070320-JAYESH,training,34,64,0.1875,0.35294117647058826,0.24489795918367346,30,65,24.09,0
ses_20260701-071849-Marcos,heldout,22,27,0.18518518518518517,0.22727272727272727,0.20408163265306123,5,28,29.054000000000002,1
ses_20260701-072319-MSI,training,20,32,0.1875,0.3,0.23076923076923078,12,33,34.817,1
ses_20260701-072435-CHAITANYA0BCF,training,16,33,0.15151515151515152,0.3125,0.20408163265306123,17,34,25.752499999999998,1
ses_20260701-074424-SIDDHIGUPTAB00B,training,22,30,0.26666666666666666,0.36363636363636365,0.3076923076923077,8,31,28.963,1
ses_20260701-075548-CHAITANYA0BCF,training,15,25,0.24,0.4,0.3,10,26,24.8595,1
ses_20260701-075604-LAPTOP-0IM1OHQH,heldout,22,27,0.2962962962962963,0.36363636363636365,0.32653061224489793,5,28,37.8785,1
ses_20260701-081120-SIDDHIGUPTAB00B,training,20,32,0.28125,0.45,0.34615384615384615,12,33,30.924,1
ses_20260701-081732-CHAITANYA0BCF,training,16,23,0.2608695652173913,0.375,0.3076923076923077,7,24,27.649,1
ses_20260701-083656-LAPTOP-0IM1OHQH,training,25,31,0.16129032258064516,0.2,0.17857142857142858,6,32,26.677,0
ses_20260701-090300-Marcos,training,14,30,0.1,0.21428571428571427,0.13636363636363635,16,31,37.506,0
ses_20260701-092027-SIDDHIGUPTAB00B,heldout,24,38,0.18421052631578946,0.2916666666666667,0.22580645161290322,14,39,29.041,1
ses_20260701-093900-Marcos,training,17,31,0.2903225806451613,0.5294117647058824,0.375,14,32,27.6055,0
ses_20260701-095337-LAPTOP-0IM1OHQH,training,17,33,0.09090909090909091,0.17647058823529413,0.12,16,34,24.7595,1
ses_20260701-100550-Marcos,training,22,41,0.07317073170731707,0.13636363636363635,0.09523809523809523,19,42,25.34,1
ses_20260701-103521-LAPTOP-0IM1OHQH,training,16,28,0.10714285714285714,0.1875,0.13636363636363635,12,29,29.606,0
ses_20260701-103853-Marcos,heldout,22,34,0.23529411764705882,0.36363636363636365,0.2857142857142857,12,35,25.27,1
ses_20260701-110548-LAPTOP-0IM1OHQH,training,22,33,0.24242424242424243,0.36363636363636365,0.2909090909090909,11,34,25.3235,0
ses_20260701-110917-Marcos,training,23,33,0.21212121212121213,0.30434782608695654,0.25,10,34,25.4215,1
ses_20260701-115141-SIDDHIGUPTAB00B,training,36,52,0.36538461538461536,0.5277777777777778,0.4318181818181818,16,53,24.556,1
ses_20260701-120612-Marcos,training,23,32,0.28125,0.391304347826087,0.32727272727272727,9,33,27.617,0
ses_20260701-120828-LAPTOP-0IM1OHQH,heldout,19,27,0.14814814814814814,0.21052631578947367,0.17391304347826086,8,28,36.1365,1
ses_20260701-123729-Marcos,training,22,29,0.2413793103448276,0.3181818181818182,0.27450980392156865,7,30,30.2085,1
ses_20260701-124033-SIDDHIGUPTAB00B,training,23,37,0.1891891891891892,0.30434782608695654,0.23333333333333334,14,38,28.0365,1
ses_20260701-124550-LAPTOP-0IM1OHQH,training,25,35,0.14285714285714285,0.2,0.16666666666666666,10,36,25.0785,1
ses_20260701-124636-MSI,training,27,39,0.3333333333333333,0.48148148148148145,0.3939393939393939,12,40,25.535,1
ses_20260701-131015-SIDDHIGUPTAB00B,heldout,25,35,0.2571428571428571,0.36,0.3,10,36,28.037,1
ses_20260701-131247-MSI,training,27,33,0.21212121212121213,0.25925925925925924,0.23333333333333334,6,34,29.0205,1
ses_20260701-134215-SIDDHIGUPTAB00B,training,24,42,0.21428571428571427,0.375,0.2727272727272727,18,43,22.65,0
ses_20260701-141430-SIDDHIGUPTAB00B,training,24,39,0.23076923076923078,0.375,0.2857142857142857,15,40,28.735999999999997,0
ses_20260701-145907-MSI,training,21,32,0.1875,0.2857142857142857,0.22641509433962265,11,33,32.926,0
ses_20260701-152030-CHAITANYA0BCF,heldout,7,11,0.2727272727272727,0.42857142857142855,0.3333333333333333,4,12,38.097,0
ses_20260701-155031-CHAITANYA0BCF,training,22,30,0.36666666666666664,0.5,0.4230769230769231,8,31,27.992,1
ses_20260701-172430-yuvraj,training,21,31,0.22580645161290322,0.3333333333333333,0.2692307692307692,10,32,25.09,1
