variant,scope,tolerance,precision,recall,f1,matched,predicted,true
1F,heldout,0,0.27288135593220336,0.5649122807017544,0.36799999999999994,161,590,285
1F,heldout,2,0.3949152542372881,0.8175438596491228,0.5325714285714286,233,590,285
1F,heldout,3,0.40508474576271186,0.8385964912280702,0.5462857142857143,239,590,285
1F,all_dataset_a,0,0.26498422712933756,0.6078147612156295,0.36906854130052724,840,3170,1382
1F,all_dataset_a,2,0.3810725552050473,0.874095513748191,0.530755711775044,1208,3170,1382
1F,all_dataset_a,3,0.38958990536277605,0.8936324167872648,0.5426186291739895,1235,3170,1382
1F.2,heldout,0,0.23076923076923078,0.3157894736842105,0.26666666666666666,90,390,285
1F.2,heldout,2,0.3871794871794872,0.5298245614035088,0.44740740740740736,151,390,285
1F.2,heldout,3,0.5487179487179488,0.7508771929824561,0.6340740740740741,214,390,285
1F.2,all_dataset_a,0,0.20904229460379192,0.3111432706222865,0.25007269555103223,430,2057,1382
1F.2,all_dataset_a,2,0.37481769567331064,0.5578871201157742,0.4483861587670834,771,2057,1382
1F.2,all_dataset_a,3,0.5294117647058824,0.7879884225759769,0.6333236405931957,1089,2057,1382
1F.3,heldout,0,0.28610354223433243,0.3684210526315789,0.3220858895705522,105,367,285
1F.3,heldout,2,0.5095367847411444,0.656140350877193,0.5736196319018404,187,367,285
1F.3,heldout,3,0.55858310626703,0.7192982456140351,0.6288343558282209,205,367,285
1F.3,all_dataset_a,0,0.2933467741935484,0.4211287988422576,0.34581105169340465,582,1984,1382
1F.3,all_dataset_a,2,0.4848790322580645,0.6960926193921853,0.5715983363042186,962,1984,1382
1F.3,all_dataset_a,3,0.5216733870967742,0.7489146164978292,0.6149732620320857,1035,1984,1382
1F.4,heldout,0,0.28055077452667815,0.5719298245614035,0.37644341801385683,163,581,285
1F.4,heldout,2,0.3993115318416523,0.8140350877192982,0.535796766743649,232,581,285
1F.4,heldout,3,0.40963855421686746,0.8350877192982457,0.5496535796766743,238,581,285
1F.4,all_dataset_a,0,0.2683471601786854,0.6085383502170767,0.37245349867139066,841,3134,1382
1F.4,all_dataset_a,2,0.38544990427568604,0.874095513748191,0.5349867139061116,1208,3134,1382
1F.4,all_dataset_a,3,0.39342693044033183,0.8921852387843705,0.546058458813109,1233,3134,1382
1F.5,heldout,0,0.2917771883289125,0.38596491228070173,0.3323262839879154,110,377,285
1F.5,heldout,2,0.5119363395225465,0.6771929824561403,0.583081570996979,193,377,285
1F.5,heldout,3,0.5543766578249337,0.7333333333333333,0.6314199395770392,209,377,285
1F.5,all_dataset_a,0,0.29862475442043224,0.4399421128798842,0.355763604447045,608,2036,1382
1F.5,all_dataset_a,2,0.4862475442043222,0.7163531114327062,0.5792861322410766,990,2036,1382
1F.5,all_dataset_a,3,0.5176817288801572,0.7626628075253257,0.6167349327091867,1054,2036,1382
