feature,coefficient,abs_coefficient
pre_clicks20,1.4467247610145046,1.4467247610145046
pre_browser10,1.1599753116727451,1.1599753116727451
gap,0.9802517684112488,0.9802517684112488
pre_browser20,-0.8872536764813881,0.8872536764813881
pre_clicks10,-0.5417736740171362,0.5417736740171362
pre_clipboard10,-0.3829011943164178,0.3829011943164178
pre_clipboard20,0.2589292975342843,0.2589292975342843
pre_keys20,0.2519660757272748,0.2519660757272748
win,-0.242745721321277,0.242745721321277
pre_keys10,-0.2300613492796124,0.2300613492796124
app,-0.1305549476341523,0.1305549476341523
