window_events,signal,boundary_mean,within_mean,difference
10,pre_events,10.0,10.0,0.0
10,pre_gap_med,0.07264182344428365,0.061483357452966715,0.01115846599131693
10,pre_apps,1.0817655571635312,1.1418234442836468,-0.060057887120115616
10,pre_windows,1.1150506512301013,1.2337192474674386,-0.11866859623733728
10,pre_browser,0.18929088277858178,0.05376266280752532,0.13552821997105646
10,pre_clipboard,0.037192474674384954,0.03429811866859624,0.0028943560057887105
10,pre_keys,0.2823444283646888,0.326410998552822,-0.0440665701881332
10,pre_clicks,0.19544138929088278,0.07112879884225759,0.1243125904486252
10,post_events,10.0,10.0,0.0
10,post_gap_med,0.05992547033285094,0.06318017366136035,-0.003254703328509405
10,post_apps,1.065123010130246,1.150506512301013,-0.08538350217076696
10,post_windows,1.0940665701881331,1.2279305354558612,-0.13386396526772804
10,post_browser,0.05991316931982635,0.05795947901591896,0.0019536903039073863
10,post_clipboard,0.004558610709117222,0.03133140376266281,-0.026772793053545588
10,post_keys,0.07178002894356006,0.3214182344428364,-0.24963820549927634
10,post_clicks,0.059479015918958024,0.0723589001447178,-0.012879884225759773
10,app_set_jaccard,0.9264351181862035,0.8485287023637239,0.07790641582247959
20,pre_events,20.0,20.0,0.0
20,pre_gap_med,0.06672141823444284,0.056352387843704776,0.010369030390738068
20,pre_apps,1.5,1.2901591895803184,0.2098408104196816
20,pre_windows,1.552821997105644,1.4703328509406657,0.08248914616497838
20,pre_browser,0.13180173661360345,0.052568740955137486,0.07923299565846596
20,pre_clipboard,0.046635311143270616,0.03462373371924747,0.012011577424023145
20,pre_keys,0.27445730824891457,0.3340810419681621,-0.05962373371924751
20,pre_clicks,0.17409551374819102,0.06874095513748191,0.10535455861070911
20,post_events,20.0,19.996382054992765,0.0036179450072353347
20,post_gap_med,0.051827785817655576,0.058484081041968165,-0.006656295224312589
20,post_apps,1.0875542691751086,1.3133140376266281,-0.22575976845151957
20,post_windows,1.1287988422575976,1.4833574529667148,-0.3545586107091172
20,post_browser,0.05148335745296672,0.058803666184273996,-0.007320308731307276
20,post_clipboard,0.01089001447178003,0.03267004341534009,-0.021780028943560063
20,post_keys,0.14308972503617945,0.31244573082489147,-0.16935600578871202
20,post_clicks,0.03136758321273517,0.07321514712976362,-0.04184756391702846
20,app_set_jaccard,0.7319705740472744,0.7525566811384466,-0.020586107091172257
50,pre_events,50.0,50.0,0.0
50,pre_gap_med,0.054825615050651234,0.05495151953690305,-0.00012590448625181272
50,pre_apps,1.6418234442836468,1.691027496382055,-0.04920405209840828
50,pre_windows,1.9073806078147613,2.185962373371925,-0.27858176555716363
50,pre_browser,0.06332850940665702,0.05573082489146166,0.007597684515195359
50,pre_clipboard,0.045195369030390745,0.03232995658465992,0.012865412445730827
50,pre_keys,0.39311143270622284,0.3246599131693198,0.06845151953690304
50,pre_clicks,0.08636758321273516,0.07053545586107092,0.01583212735166424
50,post_events,50.0,49.94862518089725,0.05137481910274744
50,post_gap_med,0.05291099855282199,0.05459189580318379,-0.0016808972503618014
50,post_apps,1.4211287988422576,1.6881331403762663,-0.26700434153400865
50,post_windows,2.167149059334298,2.183068017366136,-0.01591895803183796
50,post_browser,0.038654124457308245,0.0582600076948466,-0.019605883237538355
50,post_clipboard,0.024138929088277857,0.031146727444236775,-0.007007798355958918
50,post_keys,0.29034732272069463,0.30865002314313,-0.01830270042243537
50,post_clicks,0.048277858176555714,0.07124256148553505,-0.022964703308979338
50,app_set_jaccard,0.6272913651712494,0.6757235890014471,-0.04843222383019774
